Group,Country,Country_Code,Year,Population
SAARC,Afghanistan,AFG,1960,9035043
SAARC,Afghanistan,AFG,1961,9214083
SAARC,Afghanistan,AFG,1962,9404406
SAARC,Afghanistan,AFG,1963,9604487
SAARC,Afghanistan,AFG,1964,9814318
SAARC,Afghanistan,AFG,1965,10036008
SAARC,Afghanistan,AFG,1966,10266395
SAARC,Afghanistan,AFG,1967,10505959
SAARC,Afghanistan,AFG,1968,10756922
SAARC,Afghanistan,AFG,1969,11017409
SAARC,Afghanistan,AFG,1970,11290128
SAARC,Afghanistan,AFG,1971,11567667
SAARC,Afghanistan,AFG,1972,11853696
SAARC,Afghanistan,AFG,1973,12157999
SAARC,Afghanistan,AFG,1974,12469127
SAARC,Afghanistan,AFG,1975,12773954
SAARC,Afghanistan,AFG,1976,13059851
SAARC,Afghanistan,AFG,1977,13340756
SAARC,Afghanistan,AFG,1978,13611441
SAARC,Afghanistan,AFG,1979,13655567
SAARC,Afghanistan,AFG,1980,13169311
SAARC,Afghanistan,AFG,1981,11937581
SAARC,Afghanistan,AFG,1982,10991378
SAARC,Afghanistan,AFG,1983,10917982
SAARC,Afghanistan,AFG,1984,11190221
SAARC,Afghanistan,AFG,1985,11426852
SAARC,Afghanistan,AFG,1986,11420074
SAARC,Afghanistan,AFG,1987,11387818
SAARC,Afghanistan,AFG,1988,11523298
SAARC,Afghanistan,AFG,1989,11874088
SAARC,Afghanistan,AFG,1990,12045660
SAARC,Afghanistan,AFG,1991,12238879
SAARC,Afghanistan,AFG,1992,13278974
SAARC,Afghanistan,AFG,1993,14943172
SAARC,Afghanistan,AFG,1994,16250794
SAARC,Afghanistan,AFG,1995,17065836
SAARC,Afghanistan,AFG,1996,17763266
SAARC,Afghanistan,AFG,1997,18452091
SAARC,Afghanistan,AFG,1998,19159996
SAARC,Afghanistan,AFG,1999,19887785
SAARC,Afghanistan,AFG,2000,20130327
SAARC,Afghanistan,AFG,2001,20284307
SAARC,Afghanistan,AFG,2002,21378117
SAARC,Afghanistan,AFG,2003,22733049
SAARC,Afghanistan,AFG,2004,23560654
SAARC,Afghanistan,AFG,2005,24404567
SAARC,Afghanistan,AFG,2006,25424094
SAARC,Afghanistan,AFG,2007,25909852
SAARC,Afghanistan,AFG,2008,26482622
SAARC,Afghanistan,AFG,2009,27466101
SAARC,Afghanistan,AFG,2010,28284089
SAARC,Afghanistan,AFG,2011,29347708
SAARC,Afghanistan,AFG,2012,30560034
SAARC,Afghanistan,AFG,2013,31622704
SAARC,Afghanistan,AFG,2014,32792523
SAARC,Afghanistan,AFG,2015,33831764
SAARC,Afghanistan,AFG,2016,34700612
SAARC,Afghanistan,AFG,2017,35688935
SAARC,Afghanistan,AFG,2018,36743039
SAARC,Afghanistan,AFG,2019,37856121
SAARC,Afghanistan,AFG,2020,39068979
SAARC,Afghanistan,AFG,2021,40000412
SAARC,Afghanistan,AFG,2022,40578842
SAARC,Afghanistan,AFG,2023,41454761
SAARC,Afghanistan,AFG,2024,42647492
SAARC,Bangladesh,BGD,1960,51828660
SAARC,Bangladesh,BGD,1961,53310348
SAARC,Bangladesh,BGD,1962,54881146
SAARC,Bangladesh,BGD,1963,56504402
SAARC,Bangladesh,BGD,1964,58178374
SAARC,Bangladesh,BGD,1965,59902519
SAARC,Bangladesh,BGD,1966,61669806
SAARC,Bangladesh,BGD,1967,63510929
SAARC,Bangladesh,BGD,1968,65408276
SAARC,Bangladesh,BGD,1969,67294133
SAARC,Bangladesh,BGD,1970,69058894
SAARC,Bangladesh,BGD,1971,70276758
SAARC,Bangladesh,BGD,1972,71641519
SAARC,Bangladesh,BGD,1973,73722294
SAARC,Bangladesh,BGD,1974,75839348
SAARC,Bangladesh,BGD,1975,77854351
SAARC,Bangladesh,BGD,1976,79855318
SAARC,Bangladesh,BGD,1977,81867264
SAARC,Bangladesh,BGD,1978,83889655
SAARC,Bangladesh,BGD,1979,85935072
SAARC,Bangladesh,BGD,1980,88016432
SAARC,Bangladesh,BGD,1981,90303105
SAARC,Bangladesh,BGD,1982,92814507
SAARC,Bangladesh,BGD,1983,95335155
SAARC,Bangladesh,BGD,1984,97814966
SAARC,Bangladesh,BGD,1985,100253825
SAARC,Bangladesh,BGD,1986,102635572
SAARC,Bangladesh,BGD,1987,104959291
SAARC,Bangladesh,BGD,1988,107216008
SAARC,Bangladesh,BGD,1989,109433799
SAARC,Bangladesh,BGD,1990,111633717
SAARC,Bangladesh,BGD,1991,113787109
SAARC,Bangladesh,BGD,1992,115952192
SAARC,Bangladesh,BGD,1993,118132360
SAARC,Bangladesh,BGD,1994,120343179
SAARC,Bangladesh,BGD,1995,122600370
SAARC,Bangladesh,BGD,1996,124862179
SAARC,Bangladesh,BGD,1997,127198069
SAARC,Bangladesh,BGD,1998,129622332
SAARC,Bangladesh,BGD,1999,132108065
SAARC,Bangladesh,BGD,2000,134544304
SAARC,Bangladesh,BGD,2001,136805810
SAARC,Bangladesh,BGD,2002,138933658
SAARC,Bangladesh,BGD,2003,140970351
SAARC,Bangladesh,BGD,2004,142902856
SAARC,Bangladesh,BGD,2005,144715786
SAARC,Bangladesh,BGD,2006,146405973
SAARC,Bangladesh,BGD,2007,147989278
SAARC,Bangladesh,BGD,2008,149474264
SAARC,Bangladesh,BGD,2009,150873714
SAARC,Bangladesh,BGD,2010,152201981
SAARC,Bangladesh,BGD,2011,153591076
SAARC,Bangladesh,BGD,2012,155070101
SAARC,Bangladesh,BGD,2013,156532141
SAARC,Bangladesh,BGD,2014,157964929
SAARC,Bangladesh,BGD,2015,159383179
SAARC,Bangladesh,BGD,2016,160811932
SAARC,Bangladesh,BGD,2017,162186147
SAARC,Bangladesh,BGD,2018,163523103
SAARC,Bangladesh,BGD,2019,164913055
SAARC,Bangladesh,BGD,2020,166298024
SAARC,Bangladesh,BGD,2021,167658854
SAARC,Bangladesh,BGD,2022,169384897
SAARC,Bangladesh,BGD,2023,171466990
SAARC,Bangladesh,BGD,2024,173562364
SAARC,Bhutan,BTN,1960,224084
SAARC,Bhutan,BTN,1961,230602
SAARC,Bhutan,BTN,1962,237636
SAARC,Bhutan,BTN,1963,245156
SAARC,Bhutan,BTN,1964,252987
SAARC,Bhutan,BTN,1965,261200
SAARC,Bhutan,BTN,1966,269820
SAARC,Bhutan,BTN,1967,278852
SAARC,Bhutan,BTN,1968,288311
SAARC,Bhutan,BTN,1969,298214
SAARC,Bhutan,BTN,1970,308528
SAARC,Bhutan,BTN,1971,319211
SAARC,Bhutan,BTN,1972,330264
SAARC,Bhutan,BTN,1973,341705
SAARC,Bhutan,BTN,1974,353538
SAARC,Bhutan,BTN,1975,365791
SAARC,Bhutan,BTN,1976,378490
SAARC,Bhutan,BTN,1977,391639
SAARC,Bhutan,BTN,1978,405243
SAARC,Bhutan,BTN,1979,419200
SAARC,Bhutan,BTN,1980,433404
SAARC,Bhutan,BTN,1981,447836
SAARC,Bhutan,BTN,1982,462485
SAARC,Bhutan,BTN,1983,477460
SAARC,Bhutan,BTN,1984,492784
SAARC,Bhutan,BTN,1985,508392
SAARC,Bhutan,BTN,1986,524324
SAARC,Bhutan,BTN,1987,540557
SAARC,Bhutan,BTN,1988,556986
SAARC,Bhutan,BTN,1989,573586
SAARC,Bhutan,BTN,1990,589287
SAARC,Bhutan,BTN,1991,599784
SAARC,Bhutan,BTN,1992,577774
SAARC,Bhutan,BTN,1993,554673
SAARC,Bhutan,BTN,1994,554497
SAARC,Bhutan,BTN,1995,547989
SAARC,Bhutan,BTN,1996,548784
SAARC,Bhutan,BTN,1997,558697
SAARC,Bhutan,BTN,1998,569435
SAARC,Bhutan,BTN,1999,582579
SAARC,Bhutan,BTN,2000,596863
SAARC,Bhutan,BTN,2001,610794
SAARC,Bhutan,BTN,2002,624409
SAARC,Bhutan,BTN,2003,637663
SAARC,Bhutan,BTN,2004,650544
SAARC,Bhutan,BTN,2005,661865
SAARC,Bhutan,BTN,2006,670799
SAARC,Bhutan,BTN,2007,678641
SAARC,Bhutan,BTN,2008,686351
SAARC,Bhutan,BTN,2009,693988
SAARC,Bhutan,BTN,2010,701632
SAARC,Bhutan,BTN,2011,709377
SAARC,Bhutan,BTN,2012,717279
SAARC,Bhutan,BTN,2013,725273
SAARC,Bhutan,BTN,2014,733139
SAARC,Bhutan,BTN,2015,740618
SAARC,Bhutan,BTN,2016,747866
SAARC,Bhutan,BTN,2017,754335
SAARC,Bhutan,BTN,2018,759759
SAARC,Bhutan,BTN,2019,764824
SAARC,Bhutan,BTN,2020,770006
SAARC,Bhutan,BTN,2021,775442
SAARC,Bhutan,BTN,2022,780914
SAARC,Bhutan,BTN,2023,786385
SAARC,Bhutan,BTN,2024,791524
SAARC,India,IND,1960,435990338
SAARC,India,IND,1961,446564729
SAARC,India,IND,1962,457283090
SAARC,India,IND,1963,468138575
SAARC,India,IND,1964,479229598
SAARC,India,IND,1965,490140146
SAARC,India,IND,1966,500740247
SAARC,India,IND,1967,511606372
SAARC,India,IND,1968,522716889
SAARC,India,IND,1969,533880544
SAARC,India,IND,1970,545864268
SAARC,India,IND,1971,558096387
SAARC,India,IND,1972,570482142
SAARC,India,IND,1973,583465598
SAARC,India,IND,1974,597041391
SAARC,India,IND,1975,611309535
SAARC,India,IND,1976,625861883
SAARC,India,IND,1977,640801103
SAARC,India,IND,1978,655728229
SAARC,India,IND,1979,671155747
SAARC,India,IND,1980,687354025
SAARC,India,IND,1981,703696250
SAARC,India,IND,1982,720313473
SAARC,India,IND,1983,737372681
SAARC,India,IND,1984,754875449
SAARC,India,IND,1985,772647793
SAARC,India,IND,1986,790689978
SAARC,India,IND,1987,808931270
SAARC,India,IND,1988,827342990
SAARC,India,IND,1989,846039529
SAARC,India,IND,1990,864972221
SAARC,India,IND,1991,883927600
SAARC,India,IND,1992,902957070
SAARC,India,IND,1993,922118387
SAARC,India,IND,1994,941163767
SAARC,India,IND,1995,960301044
SAARC,India,IND,1996,979678458
SAARC,India,IND,1997,999133762
SAARC,India,IND,1998,1018665080
SAARC,India,IND,1999,1038225823
SAARC,India,IND,2000,1057922733
SAARC,India,IND,2001,1077898575
SAARC,India,IND,2002,1097600380
SAARC,India,IND,2003,1116803006
SAARC,India,IND,2004,1135991513
SAARC,India,IND,2005,1154676322
SAARC,India,IND,2006,1172878890
SAARC,India,IND,2007,1190676021
SAARC,India,IND,2008,1207930964
SAARC,India,IND,2009,1225524753
SAARC,India,IND,2010,1243481564
SAARC,India,IND,2011,1261224954
SAARC,India,IND,2012,1278674502
SAARC,India,IND,2013,1295829511
SAARC,India,IND,2014,1312277191
SAARC,India,IND,2015,1328024498
SAARC,India,IND,2016,1343944296
SAARC,India,IND,2017,1359657400
SAARC,India,IND,2018,1374659064
SAARC,India,IND,2019,1389030312
SAARC,India,IND,2020,1402617695
SAARC,India,IND,2021,1414203896
SAARC,India,IND,2022,1425423212
SAARC,India,IND,2023,1438069596
SAARC,India,IND,2024,1450935791
SAARC,Maldives,MDV,1960,91189
SAARC,Maldives,MDV,1961,93450
SAARC,Maldives,MDV,1962,95802
SAARC,Maldives,MDV,1963,98222
SAARC,Maldives,MDV,1964,100662
SAARC,Maldives,MDV,1965,104102
SAARC,Maldives,MDV,1966,108507
SAARC,Maldives,MDV,1967,112528
SAARC,Maldives,MDV,1968,116075
SAARC,Maldives,MDV,1969,119564
SAARC,Maldives,MDV,1970,123219
SAARC,Maldives,MDV,1971,127035
SAARC,Maldives,MDV,1972,130968
SAARC,Maldives,MDV,1973,134952
SAARC,Maldives,MDV,1974,138978
SAARC,Maldives,MDV,1975,143158
SAARC,Maldives,MDV,1976,147525
SAARC,Maldives,MDV,1977,151930
SAARC,Maldives,MDV,1978,156159
SAARC,Maldives,MDV,1979,160360
SAARC,Maldives,MDV,1980,164835
SAARC,Maldives,MDV,1981,169532
SAARC,Maldives,MDV,1982,174333
SAARC,Maldives,MDV,1983,179128
SAARC,Maldives,MDV,1984,184198
SAARC,Maldives,MDV,1985,190169
SAARC,Maldives,MDV,1986,196935
SAARC,Maldives,MDV,1987,203944
SAARC,Maldives,MDV,1988,210885
SAARC,Maldives,MDV,1989,217738
SAARC,Maldives,MDV,1990,224762
SAARC,Maldives,MDV,1991,231802
SAARC,Maldives,MDV,1992,238543
SAARC,Maldives,MDV,1993,244884
SAARC,Maldives,MDV,1994,250822
SAARC,Maldives,MDV,1995,256649
SAARC,Maldives,MDV,1996,262347
SAARC,Maldives,MDV,1997,267707
SAARC,Maldives,MDV,1998,272723
SAARC,Maldives,MDV,1999,277412
SAARC,Maldives,MDV,2000,282019
SAARC,Maldives,MDV,2001,286767
SAARC,Maldives,MDV,2002,291616
SAARC,Maldives,MDV,2003,296491
SAARC,Maldives,MDV,2004,301413
SAARC,Maldives,MDV,2005,306429
SAARC,Maldives,MDV,2006,313851
SAARC,Maldives,MDV,2007,324479
SAARC,Maldives,MDV,2008,336170
SAARC,Maldives,MDV,2009,348275
SAARC,Maldives,MDV,2010,360792
SAARC,Maldives,MDV,2011,373674
SAARC,Maldives,MDV,2012,386818
SAARC,Maldives,MDV,2013,400070
SAARC,Maldives,MDV,2014,413617
SAARC,Maldives,MDV,2015,428154
SAARC,Maldives,MDV,2016,443308
SAARC,Maldives,MDV,2017,458287
SAARC,Maldives,MDV,2018,473099
SAARC,Maldives,MDV,2019,487731
SAARC,Maldives,MDV,2020,502118
SAARC,Maldives,MDV,2021,516154
SAARC,Maldives,MDV,2022,524106
SAARC,Maldives,MDV,2023,525994
SAARC,Maldives,MDV,2024,527799
SAARC,Nepal,NPL,1960,10123658
SAARC,Nepal,NPL,1961,10318396
SAARC,Nepal,NPL,1962,10521116
SAARC,Nepal,NPL,1963,10729818
SAARC,Nepal,NPL,1964,10946392
SAARC,Nepal,NPL,1965,11173411
SAARC,Nepal,NPL,1966,11408710
SAARC,Nepal,NPL,1967,11652716
SAARC,Nepal,NPL,1968,11906266
SAARC,Nepal,NPL,1969,12167036
SAARC,Nepal,NPL,1970,12436190
SAARC,Nepal,NPL,1971,12710061
SAARC,Nepal,NPL,1972,12989099
SAARC,Nepal,NPL,1973,13275239
SAARC,Nepal,NPL,1974,13568435
SAARC,Nepal,NPL,1975,13870695
SAARC,Nepal,NPL,1976,14177649
SAARC,Nepal,NPL,1977,14499175
SAARC,Nepal,NPL,1978,14839695
SAARC,Nepal,NPL,1979,15190590
SAARC,Nepal,NPL,1980,15553105
SAARC,Nepal,NPL,1981,15922423
SAARC,Nepal,NPL,1982,16297987
SAARC,Nepal,NPL,1983,16689119
SAARC,Nepal,NPL,1984,17085242
SAARC,Nepal,NPL,1985,17477692
SAARC,Nepal,NPL,1986,17868124
SAARC,Nepal,NPL,1987,18250505
SAARC,Nepal,NPL,1988,18638661
SAARC,Nepal,NPL,1989,19057807
SAARC,Nepal,NPL,1990,19524573
SAARC,Nepal,NPL,1991,20036500
SAARC,Nepal,NPL,1992,20609707
SAARC,Nepal,NPL,1993,21180159
SAARC,Nepal,NPL,1994,21717479
SAARC,Nepal,NPL,1995,22245439
SAARC,Nepal,NPL,1996,22741862
SAARC,Nepal,NPL,1997,23219463
SAARC,Nepal,NPL,1998,23680357
SAARC,Nepal,NPL,1999,24125199
SAARC,Nepal,NPL,2000,24546509
SAARC,Nepal,NPL,2001,24946748
SAARC,Nepal,NPL,2002,25328981
SAARC,Nepal,NPL,2003,25688758
SAARC,Nepal,NPL,2004,26016656
SAARC,Nepal,NPL,2005,26309458
SAARC,Nepal,NPL,2006,26565425
SAARC,Nepal,NPL,2007,26788492
SAARC,Nepal,NPL,2008,26990037
SAARC,Nepal,NPL,2009,27173035
SAARC,Nepal,NPL,2010,27341952
SAARC,Nepal,NPL,2011,27464494
SAARC,Nepal,NPL,2012,27534915
SAARC,Nepal,NPL,2013,27589996
SAARC,Nepal,NPL,2014,27672370
SAARC,Nepal,NPL,2015,27823629
SAARC,Nepal,NPL,2016,27955462
SAARC,Nepal,NPL,2017,28011258
SAARC,Nepal,NPL,2018,28079689
SAARC,Nepal,NPL,2019,28414064
SAARC,Nepal,NPL,2020,28966574
SAARC,Nepal,NPL,2021,29475010
SAARC,Nepal,NPL,2022,29715436
SAARC,Nepal,NPL,2023,29694614
SAARC,Nepal,NPL,2024,29651054
SAARC,Pakistan,PAK,1960,45709310
SAARC,Pakistan,PAK,1961,46921277
SAARC,Pakistan,PAK,1962,48156128
SAARC,Pakistan,PAK,1963,49447776
SAARC,Pakistan,PAK,1964,50799999
SAARC,Pakistan,PAK,1965,52209010
SAARC,Pakistan,PAK,1966,53678667
SAARC,Pakistan,PAK,1967,55214768
SAARC,Pakistan,PAK,1968,56810507
SAARC,Pakistan,PAK,1969,58460939
SAARC,Pakistan,PAK,1970,60166719
SAARC,Pakistan,PAK,1971,61847899
SAARC,Pakistan,PAK,1972,63583194
SAARC,Pakistan,PAK,1973,65461912
SAARC,Pakistan,PAK,1974,67415487
SAARC,Pakistan,PAK,1975,69461175
SAARC,Pakistan,PAK,1976,71620254
SAARC,Pakistan,PAK,1977,73901827
SAARC,Pakistan,PAK,1978,76307379
SAARC,Pakistan,PAK,1979,78997039
SAARC,Pakistan,PAK,1980,82291010
SAARC,Pakistan,PAK,1981,85802049
SAARC,Pakistan,PAK,1982,89089246
SAARC,Pakistan,PAK,1983,92227711
SAARC,Pakistan,PAK,1984,95164936
SAARC,Pakistan,PAK,1985,98229285
SAARC,Pakistan,PAK,1986,101606764
SAARC,Pakistan,PAK,1987,105130717
SAARC,Pakistan,PAK,1988,108724739
SAARC,Pakistan,PAK,1989,112336629
SAARC,Pakistan,PAK,1990,116155576
SAARC,Pakistan,PAK,1991,120060406
SAARC,Pakistan,PAK,1992,123546848
SAARC,Pakistan,PAK,1993,127020117
SAARC,Pakistan,PAK,1994,130748083
SAARC,Pakistan,PAK,1995,134582253
SAARC,Pakistan,PAK,1996,138557092
SAARC,Pakistan,PAK,1997,142531804
SAARC,Pakistan,PAK,1998,146522356
SAARC,Pakistan,PAK,1999,150565377
SAARC,Pakistan,PAK,2000,154879127
SAARC,Pakistan,PAK,2001,159270907
SAARC,Pakistan,PAK,2002,163222549
SAARC,Pakistan,PAK,2003,167110248
SAARC,Pakistan,PAK,2004,171286000
SAARC,Pakistan,PAK,2005,175453212
SAARC,Pakistan,PAK,2006,179682690
SAARC,Pakistan,PAK,2007,184493231
SAARC,Pakistan,PAK,2008,189499113
SAARC,Pakistan,PAK,2009,194376534
SAARC,Pakistan,PAK,2010,199239047
SAARC,Pakistan,PAK,2011,203746065
SAARC,Pakistan,PAK,2012,207667125
SAARC,Pakistan,PAK,2013,211073978
SAARC,Pakistan,PAK,2014,214264647
SAARC,Pakistan,PAK,2015,217290883
SAARC,Pakistan,PAK,2016,220138869
SAARC,Pakistan,PAK,2017,223273967
SAARC,Pakistan,PAK,2018,226928892
SAARC,Pakistan,PAK,2019,230800899
SAARC,Pakistan,PAK,2020,235001746
SAARC,Pakistan,PAK,2021,239477801
SAARC,Pakistan,PAK,2022,243700667
SAARC,Pakistan,PAK,2023,247504495
SAARC,Pakistan,PAK,2024,251269164
SAARC,Sri Lanka,LKA,1960,9661389
SAARC,Sri Lanka,LKA,1961,9899372
SAARC,Sri Lanka,LKA,1962,10143754
SAARC,Sri Lanka,LKA,1963,10395040
SAARC,Sri Lanka,LKA,1964,10653397
SAARC,Sri Lanka,LKA,1965,10916965
SAARC,Sri Lanka,LKA,1966,11183928
SAARC,Sri Lanka,LKA,1967,11457328
SAARC,Sri Lanka,LKA,1968,11736088
SAARC,Sri Lanka,LKA,1969,12013858
SAARC,Sri Lanka,LKA,1970,12287110
SAARC,Sri Lanka,LKA,1971,12551910
SAARC,Sri Lanka,LKA,1972,12809205
SAARC,Sri Lanka,LKA,1973,13060916
SAARC,Sri Lanka,LKA,1974,13305693
SAARC,Sri Lanka,LKA,1975,13548984
SAARC,Sri Lanka,LKA,1976,13796770
SAARC,Sri Lanka,LKA,1977,14049371
SAARC,Sri Lanka,LKA,1978,14310128
SAARC,Sri Lanka,LKA,1979,14579614
SAARC,Sri Lanka,LKA,1980,14847974
SAARC,Sri Lanka,LKA,1981,15099414
SAARC,Sri Lanka,LKA,1982,15286567
SAARC,Sri Lanka,LKA,1983,15388794
SAARC,Sri Lanka,LKA,1984,15441860
SAARC,Sri Lanka,LKA,1985,15544154
SAARC,Sri Lanka,LKA,1986,15731256
SAARC,Sri Lanka,LKA,1987,15916576
SAARC,Sri Lanka,LKA,1988,16078621
SAARC,Sri Lanka,LKA,1989,16248557
SAARC,Sri Lanka,LKA,1990,16352458
SAARC,Sri Lanka,LKA,1991,16475354
SAARC,Sri Lanka,LKA,1992,16739284
SAARC,Sri Lanka,LKA,1993,17025918
SAARC,Sri Lanka,LKA,1994,17275773
SAARC,Sri Lanka,LKA,1995,17564068
SAARC,Sri Lanka,LKA,1996,17905018
SAARC,Sri Lanka,LKA,1997,18248200
SAARC,Sri Lanka,LKA,1998,18596003
SAARC,Sri Lanka,LKA,1999,18944731
SAARC,Sri Lanka,LKA,2000,19293054
SAARC,Sri Lanka,LKA,2001,19600362
SAARC,Sri Lanka,LKA,2002,19805752
SAARC,Sri Lanka,LKA,2003,19951521
SAARC,Sri Lanka,LKA,2004,20087605
SAARC,Sri Lanka,LKA,2005,20216524
SAARC,Sri Lanka,LKA,2006,20352411
SAARC,Sri Lanka,LKA,2007,20492545
SAARC,Sri Lanka,LKA,2008,20629378
SAARC,Sri Lanka,LKA,2009,20756435
SAARC,Sri Lanka,LKA,2010,20879089
SAARC,Sri Lanka,LKA,2011,21009048
SAARC,Sri Lanka,LKA,2012,21169458
SAARC,Sri Lanka,LKA,2013,20585000
SAARC,Sri Lanka,LKA,2014,20778000
SAARC,Sri Lanka,LKA,2015,20970000
SAARC,Sri Lanka,LKA,2016,21209000
SAARC,Sri Lanka,LKA,2017,21453000
SAARC,Sri Lanka,LKA,2018,21670000
SAARC,Sri Lanka,LKA,2019,21803000
SAARC,Sri Lanka,LKA,2020,21919000
SAARC,Sri Lanka,LKA,2021,22156000
SAARC,Sri Lanka,LKA,2022,22181000
SAARC,Sri Lanka,LKA,2023,22037000
SAARC,Sri Lanka,LKA,2024,21916000
ASEAN,Brunei Darussalam,BRN,1960,88347
ASEAN,Brunei Darussalam,BRN,1961,92517
ASEAN,Brunei Darussalam,BRN,1962,96719
ASEAN,Brunei Darussalam,BRN,1963,101159
ASEAN,Brunei Darussalam,BRN,1964,105922
ASEAN,Brunei Darussalam,BRN,1965,110838
ASEAN,Brunei Darussalam,BRN,1966,115874
ASEAN,Brunei Darussalam,BRN,1967,121017
ASEAN,Brunei Darussalam,BRN,1968,126222
ASEAN,Brunei Darussalam,BRN,1969,131446
ASEAN,Brunei Darussalam,BRN,1970,135138
ASEAN,Brunei Darussalam,BRN,1971,137921
ASEAN,Brunei Darussalam,BRN,1972,142189
ASEAN,Brunei Darussalam,BRN,1973,147369
ASEAN,Brunei Darussalam,BRN,1974,152656
ASEAN,Brunei Darussalam,BRN,1975,158070
ASEAN,Brunei Darussalam,BRN,1976,163607
ASEAN,Brunei Darussalam,BRN,1977,169277
ASEAN,Brunei Darussalam,BRN,1978,174884
ASEAN,Brunei Darussalam,BRN,1979,180422
ASEAN,Brunei Darussalam,BRN,1980,186111
ASEAN,Brunei Darussalam,BRN,1981,191977
ASEAN,Brunei Darussalam,BRN,1982,198165
ASEAN,Brunei Darussalam,BRN,1983,204741
ASEAN,Brunei Darussalam,BRN,1984,211661
ASEAN,Brunei Darussalam,BRN,1985,218919
ASEAN,Brunei Darussalam,BRN,1986,226495
ASEAN,Brunei Darussalam,BRN,1987,233860
ASEAN,Brunei Darussalam,BRN,1988,240913
ASEAN,Brunei Darussalam,BRN,1989,248064
ASEAN,Brunei Darussalam,BRN,1990,255292
ASEAN,Brunei Darussalam,BRN,1991,262596
ASEAN,Brunei Darussalam,BRN,1992,269839
ASEAN,Brunei Darussalam,BRN,1993,276971
ASEAN,Brunei Darussalam,BRN,1994,284091
ASEAN,Brunei Darussalam,BRN,1995,291195
ASEAN,Brunei Darussalam,BRN,1996,298276
ASEAN,Brunei Darussalam,BRN,1997,305341
ASEAN,Brunei Darussalam,BRN,1998,312385
ASEAN,Brunei Darussalam,BRN,1999,319411
ASEAN,Brunei Darussalam,BRN,2000,326424
ASEAN,Brunei Darussalam,BRN,2001,333345
ASEAN,Brunei Darussalam,BRN,2002,340099
ASEAN,Brunei Darussalam,BRN,2003,346637
ASEAN,Brunei Darussalam,BRN,2004,352911
ASEAN,Brunei Darussalam,BRN,2005,358916
ASEAN,Brunei Darussalam,BRN,2006,364663
ASEAN,Brunei Darussalam,BRN,2007,370873
ASEAN,Brunei Darussalam,BRN,2008,377793
ASEAN,Brunei Darussalam,BRN,2009,384952
ASEAN,Brunei Darussalam,BRN,2010,392332
ASEAN,Brunei Darussalam,BRN,2011,399389
ASEAN,Brunei Darussalam,BRN,2012,405557
ASEAN,Brunei Darussalam,BRN,2013,411202
ASEAN,Brunei Darussalam,BRN,2014,416750
ASEAN,Brunei Darussalam,BRN,2015,422212
ASEAN,Brunei Darussalam,BRN,2016,427564
ASEAN,Brunei Darussalam,BRN,2017,432772
ASEAN,Brunei Darussalam,BRN,2018,437810
ASEAN,Brunei Darussalam,BRN,2019,442680
ASEAN,Brunei Darussalam,BRN,2020,447404
ASEAN,Brunei Darussalam,BRN,2021,451721
ASEAN,Brunei Darussalam,BRN,2022,455370
ASEAN,Brunei Darussalam,BRN,2023,458949
ASEAN,Brunei Darussalam,BRN,2024,462721
ASEAN,Cambodia,KHM,1960,5449966
ASEAN,Cambodia,KHM,1961,5571168
ASEAN,Cambodia,KHM,1962,5697558
ASEAN,Cambodia,KHM,1963,5823010
ASEAN,Cambodia,KHM,1964,5946178
ASEAN,Cambodia,KHM,1965,6072289
ASEAN,Cambodia,KHM,1966,6201232
ASEAN,Cambodia,KHM,1967,6332944
ASEAN,Cambodia,KHM,1968,6467324
ASEAN,Cambodia,KHM,1969,6604725
ASEAN,Cambodia,KHM,1970,6639182
ASEAN,Cambodia,KHM,1971,6620880
ASEAN,Cambodia,KHM,1972,6673886
ASEAN,Cambodia,KHM,1973,6739726
ASEAN,Cambodia,KHM,1974,6783240
ASEAN,Cambodia,KHM,1975,6581371
ASEAN,Cambodia,KHM,1976,6134991
ASEAN,Cambodia,KHM,1977,5668551
ASEAN,Cambodia,KHM,1978,5211653
ASEAN,Cambodia,KHM,1979,5088808
ASEAN,Cambodia,KHM,1980,5199872
ASEAN,Cambodia,KHM,1981,5284495
ASEAN,Cambodia,KHM,1982,5436432
ASEAN,Cambodia,KHM,1983,5636203
ASEAN,Cambodia,KHM,1984,5845117
ASEAN,Cambodia,KHM,1985,6043783
ASEAN,Cambodia,KHM,1986,6285693
ASEAN,Cambodia,KHM,1987,6557970
ASEAN,Cambodia,KHM,1988,6812014
ASEAN,Cambodia,KHM,1989,7073473
ASEAN,Cambodia,KHM,1990,7374752
ASEAN,Cambodia,KHM,1991,7686850
ASEAN,Cambodia,KHM,1992,8113083
ASEAN,Cambodia,KHM,1993,8616381
ASEAN,Cambodia,KHM,1994,9239162
ASEAN,Cambodia,KHM,1995,10018497
ASEAN,Cambodia,KHM,1996,10801270
ASEAN,Cambodia,KHM,1997,11570982
ASEAN,Cambodia,KHM,1998,12058173
ASEAN,Cambodia,KHM,1999,12265731
ASEAN,Cambodia,KHM,2000,12462336
ASEAN,Cambodia,KHM,2001,12658484
ASEAN,Cambodia,KHM,2002,12855241
ASEAN,Cambodia,KHM,2003,13050968
ASEAN,Cambodia,KHM,2004,13244731
ASEAN,Cambodia,KHM,2005,13439202
ASEAN,Cambodia,KHM,2006,13639028
ASEAN,Cambodia,KHM,2007,13841770
ASEAN,Cambodia,KHM,2008,14053479
ASEAN,Cambodia,KHM,2009,14276810
ASEAN,Cambodia,KHM,2010,14500726
ASEAN,Cambodia,KHM,2011,14722584
ASEAN,Cambodia,KHM,2012,14945085
ASEAN,Cambodia,KHM,2013,15170208
ASEAN,Cambodia,KHM,2014,15396772
ASEAN,Cambodia,KHM,2015,15623251
ASEAN,Cambodia,KHM,2016,15852803
ASEAN,Cambodia,KHM,2017,16073372
ASEAN,Cambodia,KHM,2018,16274522
ASEAN,Cambodia,KHM,2019,16481304
ASEAN,Cambodia,KHM,2020,16725474
ASEAN,Cambodia,KHM,2021,16974305
ASEAN,Cambodia,KHM,2022,17201724
ASEAN,Cambodia,KHM,2023,17423880
ASEAN,Cambodia,KHM,2024,17638801
ASEAN,Indonesia,IDN,1960,88296070
ASEAN,Indonesia,IDN,1961,90791249
ASEAN,Indonesia,IDN,1962,93375850
ASEAN,Indonesia,IDN,1963,96051424
ASEAN,Indonesia,IDN,1964,98833749
ASEAN,Indonesia,IDN,1965,101365130
ASEAN,Indonesia,IDN,1966,103792754
ASEAN,Indonesia,IDN,1967,106526393
ASEAN,Indonesia,IDN,1968,109450006
ASEAN,Indonesia,IDN,1969,112517639
ASEAN,Indonesia,IDN,1970,115657495
ASEAN,Indonesia,IDN,1971,118833702
ASEAN,Indonesia,IDN,1972,122039841
ASEAN,Indonesia,IDN,1973,125288515
ASEAN,Indonesia,IDN,1974,128555045
ASEAN,Indonesia,IDN,1975,131843848
ASEAN,Indonesia,IDN,1976,135173655
ASEAN,Indonesia,IDN,1977,138533541
ASEAN,Indonesia,IDN,1978,141953163
ASEAN,Indonesia,IDN,1979,145434834
ASEAN,Indonesia,IDN,1980,148950540
ASEAN,Indonesia,IDN,1981,152485035
ASEAN,Indonesia,IDN,1982,156052152
ASEAN,Indonesia,IDN,1983,159651381
ASEAN,Indonesia,IDN,1984,163251124
ASEAN,Indonesia,IDN,1985,166776185
ASEAN,Indonesia,IDN,1986,170175065
ASEAN,Indonesia,IDN,1987,173511154
ASEAN,Indonesia,IDN,1988,176855065
ASEAN,Indonesia,IDN,1989,180201630
ASEAN,Indonesia,IDN,1990,183501098
ASEAN,Indonesia,IDN,1991,186778238
ASEAN,Indonesia,IDN,1992,190043744
ASEAN,Indonesia,IDN,1993,193305168
ASEAN,Indonesia,IDN,1994,196591828
ASEAN,Indonesia,IDN,1995,199888057
ASEAN,Indonesia,IDN,1996,203204348
ASEAN,Indonesia,IDN,1997,206536095
ASEAN,Indonesia,IDN,1998,209826788
ASEAN,Indonesia,IDN,1999,213004668
ASEAN,Indonesia,IDN,2000,216077790
ASEAN,Indonesia,IDN,2001,219097902
ASEAN,Indonesia,IDN,2002,222088495
ASEAN,Indonesia,IDN,2003,225048008
ASEAN,Indonesia,IDN,2004,227926649
ASEAN,Indonesia,IDN,2005,230871650
ASEAN,Indonesia,IDN,2006,233951652
ASEAN,Indonesia,IDN,2007,237062337
ASEAN,Indonesia,IDN,2008,240157903
ASEAN,Indonesia,IDN,2009,243220028
ASEAN,Indonesia,IDN,2010,246305322
ASEAN,Indonesia,IDN,2011,249470032
ASEAN,Indonesia,IDN,2012,252698525
ASEAN,Indonesia,IDN,2013,255852467
ASEAN,Indonesia,IDN,2014,258877399
ASEAN,Indonesia,IDN,2015,261799249
ASEAN,Indonesia,IDN,2016,264627418
ASEAN,Indonesia,IDN,2017,267346658
ASEAN,Indonesia,IDN,2018,269951846
ASEAN,Indonesia,IDN,2019,272489381
ASEAN,Indonesia,IDN,2020,274814866
ASEAN,Indonesia,IDN,2021,276758053
ASEAN,Indonesia,IDN,2022,278830529
ASEAN,Indonesia,IDN,2023,281190067
ASEAN,Indonesia,IDN,2024,283487931
ASEAN,Lao PDR,LAO,1960,2121514
ASEAN,Lao PDR,LAO,1961,2169796
ASEAN,Lao PDR,LAO,1962,2219910
ASEAN,Lao PDR,LAO,1963,2271061
ASEAN,Lao PDR,LAO,1964,2322826
ASEAN,Lao PDR,LAO,1965,2376200
ASEAN,Lao PDR,LAO,1966,2431084
ASEAN,Lao PDR,LAO,1967,2487715
ASEAN,Lao PDR,LAO,1968,2546377
ASEAN,Lao PDR,LAO,1969,2606959
ASEAN,Lao PDR,LAO,1970,2669702
ASEAN,Lao PDR,LAO,1971,2734628
ASEAN,Lao PDR,LAO,1972,2801660
ASEAN,Lao PDR,LAO,1973,2870573
ASEAN,Lao PDR,LAO,1974,2939761
ASEAN,Lao PDR,LAO,1975,3005521
ASEAN,Lao PDR,LAO,1976,3064876
ASEAN,Lao PDR,LAO,1977,3118923
ASEAN,Lao PDR,LAO,1978,3171740
ASEAN,Lao PDR,LAO,1979,3228202
ASEAN,Lao PDR,LAO,1980,3292573
ASEAN,Lao PDR,LAO,1981,3366631
ASEAN,Lao PDR,LAO,1982,3450026
ASEAN,Lao PDR,LAO,1983,3541001
ASEAN,Lao PDR,LAO,1984,3637843
ASEAN,Lao PDR,LAO,1985,3739985
ASEAN,Lao PDR,LAO,1986,3846715
ASEAN,Lao PDR,LAO,1987,3957612
ASEAN,Lao PDR,LAO,1988,4072601
ASEAN,Lao PDR,LAO,1989,4190974
ASEAN,Lao PDR,LAO,1990,4311955
ASEAN,Lao PDR,LAO,1991,4435118
ASEAN,Lao PDR,LAO,1992,4559646
ASEAN,Lao PDR,LAO,1993,4685060
ASEAN,Lao PDR,LAO,1994,4809220
ASEAN,Lao PDR,LAO,1995,4929409
ASEAN,Lao PDR,LAO,1996,5045678
ASEAN,Lao PDR,LAO,1997,5152011
ASEAN,Lao PDR,LAO,1998,5248266
ASEAN,Lao PDR,LAO,1999,5340784
ASEAN,Lao PDR,LAO,2000,5431212
ASEAN,Lao PDR,LAO,2001,5521482
ASEAN,Lao PDR,LAO,2002,5610889
ASEAN,Lao PDR,LAO,2003,5697945
ASEAN,Lao PDR,LAO,2004,5781626
ASEAN,Lao PDR,LAO,2005,5869523
ASEAN,Lao PDR,LAO,2006,5963200
ASEAN,Lao PDR,LAO,2007,6056236
ASEAN,Lao PDR,LAO,2008,6148969
ASEAN,Lao PDR,LAO,2009,6241642
ASEAN,Lao PDR,LAO,2010,6334194
ASEAN,Lao PDR,LAO,2011,6426590
ASEAN,Lao PDR,LAO,2012,6518978
ASEAN,Lao PDR,LAO,2013,6611385
ASEAN,Lao PDR,LAO,2014,6703172
ASEAN,Lao PDR,LAO,2015,6801645
ASEAN,Lao PDR,LAO,2016,6908802
ASEAN,Lao PDR,LAO,2017,7018147
ASEAN,Lao PDR,LAO,2018,7128045
ASEAN,Lao PDR,LAO,2019,7237636
ASEAN,Lao PDR,LAO,2020,7346533
ASEAN,Lao PDR,LAO,2021,7453194
ASEAN,Lao PDR,LAO,2022,7559007
ASEAN,Lao PDR,LAO,2023,7664993
ASEAN,Lao PDR,LAO,2024,7769819
ASEAN,Malaysia,MYS,1960,7956197
ASEAN,Malaysia,MYS,1961,8164443
ASEAN,Malaysia,MYS,1962,8380172
ASEAN,Malaysia,MYS,1963,8602160
ASEAN,Malaysia,MYS,1964,8828406
ASEAN,Malaysia,MYS,1965,9056408
ASEAN,Malaysia,MYS,1966,9284688
ASEAN,Malaysia,MYS,1967,9507099
ASEAN,Malaysia,MYS,1968,9725281
ASEAN,Malaysia,MYS,1969,9947597
ASEAN,Malaysia,MYS,1970,10178802
ASEAN,Malaysia,MYS,1971,10423453
ASEAN,Malaysia,MYS,1972,10676835
ASEAN,Malaysia,MYS,1973,10935621
ASEAN,Malaysia,MYS,1974,11200906
ASEAN,Malaysia,MYS,1975,11471914
ASEAN,Malaysia,MYS,1976,11750097
ASEAN,Malaysia,MYS,1977,12035713
ASEAN,Malaysia,MYS,1978,12328157
ASEAN,Malaysia,MYS,1979,12627862
ASEAN,Malaysia,MYS,1980,12983363
ASEAN,Malaysia,MYS,1981,13399203
ASEAN,Malaysia,MYS,1982,13832798
ASEAN,Malaysia,MYS,1983,14285907
ASEAN,Malaysia,MYS,1984,14759009
ASEAN,Malaysia,MYS,1985,15252258
ASEAN,Malaysia,MYS,1986,15760419
ASEAN,Malaysia,MYS,1987,16276737
ASEAN,Malaysia,MYS,1988,16796605
ASEAN,Malaysia,MYS,1989,17314997
ASEAN,Malaysia,MYS,1990,17833171
ASEAN,Malaysia,MYS,1991,18342464
ASEAN,Malaysia,MYS,1992,18834572
ASEAN,Malaysia,MYS,1993,19322664
ASEAN,Malaysia,MYS,1994,19820446
ASEAN,Malaysia,MYS,1995,20330599
ASEAN,Malaysia,MYS,1996,20850087
ASEAN,Malaysia,MYS,1997,21375218
ASEAN,Malaysia,MYS,1998,21906713
ASEAN,Malaysia,MYS,1999,22435531
ASEAN,Malaysia,MYS,2000,22967816
ASEAN,Malaysia,MYS,2001,23526538
ASEAN,Malaysia,MYS,2002,24102477
ASEAN,Malaysia,MYS,2003,24679602
ASEAN,Malaysia,MYS,2004,25256772
ASEAN,Malaysia,MYS,2005,25836071
ASEAN,Malaysia,MYS,2006,26417909
ASEAN,Malaysia,MYS,2007,26998389
ASEAN,Malaysia,MYS,2008,27570059
ASEAN,Malaysia,MYS,2009,28124778
ASEAN,Malaysia,MYS,2010,28655776
ASEAN,Malaysia,MYS,2011,29162039
ASEAN,Malaysia,MYS,2012,29662831
ASEAN,Malaysia,MYS,2013,30174265
ASEAN,Malaysia,MYS,2014,30696137
ASEAN,Malaysia,MYS,2015,31232798
ASEAN,Malaysia,MYS,2016,31789685
ASEAN,Malaysia,MYS,2017,32355644
ASEAN,Malaysia,MYS,2018,32910967
ASEAN,Malaysia,MYS,2019,33440596
ASEAN,Malaysia,MYS,2020,33889558
ASEAN,Malaysia,MYS,2021,34282399
ASEAN,Malaysia,MYS,2022,34695493
ASEAN,Malaysia,MYS,2023,35126298
ASEAN,Malaysia,MYS,2024,35557673
ASEAN,Myanmar,MMR,1960,21730250
ASEAN,Myanmar,MMR,1961,22210581
ASEAN,Myanmar,MMR,1962,22704719
ASEAN,Myanmar,MMR,1963,23213408
ASEAN,Myanmar,MMR,1964,23737315
ASEAN,Myanmar,MMR,1965,24279431
ASEAN,Myanmar,MMR,1966,24836496
ASEAN,Myanmar,MMR,1967,25406429
ASEAN,Myanmar,MMR,1968,25989662
ASEAN,Myanmar,MMR,1969,26585112
ASEAN,Myanmar,MMR,1970,27193016
ASEAN,Myanmar,MMR,1971,27807219
ASEAN,Myanmar,MMR,1972,28428324
ASEAN,Myanmar,MMR,1973,29026388
ASEAN,Myanmar,MMR,1974,29598167
ASEAN,Myanmar,MMR,1975,30176565
ASEAN,Myanmar,MMR,1976,30758811
ASEAN,Myanmar,MMR,1977,31355966
ASEAN,Myanmar,MMR,1978,31972976
ASEAN,Myanmar,MMR,1979,32596550
ASEAN,Myanmar,MMR,1980,33227204
ASEAN,Myanmar,MMR,1981,33858783
ASEAN,Myanmar,MMR,1982,34482965
ASEAN,Myanmar,MMR,1983,35162715
ASEAN,Myanmar,MMR,1984,35899313
ASEAN,Myanmar,MMR,1985,36622827
ASEAN,Myanmar,MMR,1986,37314878
ASEAN,Myanmar,MMR,1987,37971594
ASEAN,Myanmar,MMR,1988,38600927
ASEAN,Myanmar,MMR,1989,39214618
ASEAN,Myanmar,MMR,1990,39817251
ASEAN,Myanmar,MMR,1991,40394154
ASEAN,Myanmar,MMR,1992,40950342
ASEAN,Myanmar,MMR,1993,41502429
ASEAN,Myanmar,MMR,1994,42055143
ASEAN,Myanmar,MMR,1995,42605338
ASEAN,Myanmar,MMR,1996,43154860
ASEAN,Myanmar,MMR,1997,43708798
ASEAN,Myanmar,MMR,1998,44257793
ASEAN,Myanmar,MMR,1999,44787724
ASEAN,Myanmar,MMR,2000,45290841
ASEAN,Myanmar,MMR,2001,45771139
ASEAN,Myanmar,MMR,2002,46232653
ASEAN,Myanmar,MMR,2003,46667192
ASEAN,Myanmar,MMR,2004,47068772
ASEAN,Myanmar,MMR,2005,47438365
ASEAN,Myanmar,MMR,2006,47785135
ASEAN,Myanmar,MMR,2007,48125043
ASEAN,Myanmar,MMR,2008,48390793
ASEAN,Myanmar,MMR,2009,48660459
ASEAN,Myanmar,MMR,2010,49024382
ASEAN,Myanmar,MMR,2011,49419820
ASEAN,Myanmar,MMR,2012,49837446
ASEAN,Myanmar,MMR,2013,50262658
ASEAN,Myanmar,MMR,2014,50681634
ASEAN,Myanmar,MMR,2015,51089056
ASEAN,Myanmar,MMR,2016,51495696
ASEAN,Myanmar,MMR,2017,51894938
ASEAN,Myanmar,MMR,2018,52272247
ASEAN,Myanmar,MMR,2019,52640713
ASEAN,Myanmar,MMR,2020,53016522
ASEAN,Myanmar,MMR,2021,53387102
ASEAN,Myanmar,MMR,2022,53756787
ASEAN,Myanmar,MMR,2023,54133798
ASEAN,Myanmar,MMR,2024,54500091
ASEAN,Philippines,PHL,1960,27891897
ASEAN,Philippines,PHL,1961,28792621
ASEAN,Philippines,PHL,1962,29723536
ASEAN,Philippines,PHL,1963,30674731
ASEAN,Philippines,PHL,1964,31643032
ASEAN,Philippines,PHL,1965,32625316
ASEAN,Philippines,PHL,1966,33617170
ASEAN,Philippines,PHL,1967,34621320
ASEAN,Philippines,PHL,1968,35638342
ASEAN,Philippines,PHL,1969,36660799
ASEAN,Philippines,PHL,1970,37622204
ASEAN,Philippines,PHL,1971,38518659
ASEAN,Philippines,PHL,1972,39408560
ASEAN,Philippines,PHL,1973,40294130
ASEAN,Philippines,PHL,1974,41174341
ASEAN,Philippines,PHL,1975,42120826
ASEAN,Philippines,PHL,1976,43201488
ASEAN,Philippines,PHL,1977,44367962
ASEAN,Philippines,PHL,1978,45575281
ASEAN,Philippines,PHL,1979,46807103
ASEAN,Philippines,PHL,1980,48043740
ASEAN,Philippines,PHL,1981,49311727
ASEAN,Philippines,PHL,1982,50695707
ASEAN,Philippines,PHL,1983,52194620
ASEAN,Philippines,PHL,1984,53726181
ASEAN,Philippines,PHL,1985,55213006
ASEAN,Philippines,PHL,1986,56645077
ASEAN,Philippines,PHL,1987,58157496
ASEAN,Philippines,PHL,1988,59739052
ASEAN,Philippines,PHL,1989,61265260
ASEAN,Philippines,PHL,1990,62854666
ASEAN,Philippines,PHL,1991,64382249
ASEAN,Philippines,PHL,1992,65926125
ASEAN,Philippines,PHL,1993,67530621
ASEAN,Philippines,PHL,1994,69019291
ASEAN,Philippines,PHL,1995,70546246
ASEAN,Philippines,PHL,1996,72190242
ASEAN,Philippines,PHL,1997,73908810
ASEAN,Philippines,PHL,1998,75791024
ASEAN,Philippines,PHL,1999,77753257
ASEAN,Philippines,PHL,2000,79625397
ASEAN,Philippines,PHL,2001,81401488
ASEAN,Philippines,PHL,2002,83068889
ASEAN,Philippines,PHL,2003,84731835
ASEAN,Philippines,PHL,2004,86394504
ASEAN,Philippines,PHL,2005,88015962
ASEAN,Philippines,PHL,2006,89508986
ASEAN,Philippines,PHL,2007,91075184
ASEAN,Philippines,PHL,2008,92699095
ASEAN,Philippines,PHL,2009,94384250
ASEAN,Philippines,PHL,2010,96337125
ASEAN,Philippines,PHL,2011,98248614
ASEAN,Philippines,PHL,2012,100175512
ASEAN,Philippines,PHL,2013,102076336
ASEAN,Philippines,PHL,2014,103767130
ASEAN,Philippines,PHL,2015,105312992
ASEAN,Philippines,PHL,2016,106735719
ASEAN,Philippines,PHL,2017,108119693
ASEAN,Philippines,PHL,2018,109465287
ASEAN,Philippines,PHL,2019,110804683
ASEAN,Philippines,PHL,2020,112081264
ASEAN,Philippines,PHL,2021,113100950
ASEAN,Philippines,PHL,2022,113964338
ASEAN,Philippines,PHL,2023,114891199
ASEAN,Philippines,PHL,2024,115843670
ASEAN,Singapore,SGP,1960,1646400
ASEAN,Singapore,SGP,1961,1702400
ASEAN,Singapore,SGP,1962,1750200
ASEAN,Singapore,SGP,1963,1795000
ASEAN,Singapore,SGP,1964,1841600
ASEAN,Singapore,SGP,1965,1886900
ASEAN,Singapore,SGP,1966,1934400
ASEAN,Singapore,SGP,1967,1977600
ASEAN,Singapore,SGP,1968,2012000
ASEAN,Singapore,SGP,1969,2042500
ASEAN,Singapore,SGP,1970,2074507
ASEAN,Singapore,SGP,1971,2112900
ASEAN,Singapore,SGP,1972,2152400
ASEAN,Singapore,SGP,1973,2193000
ASEAN,Singapore,SGP,1974,2229800
ASEAN,Singapore,SGP,1975,2262600
ASEAN,Singapore,SGP,1976,2293300
ASEAN,Singapore,SGP,1977,2325300
ASEAN,Singapore,SGP,1978,2353600
ASEAN,Singapore,SGP,1979,2383500
ASEAN,Singapore,SGP,1980,2413945
ASEAN,Singapore,SGP,1981,2532835
ASEAN,Singapore,SGP,1982,2646466
ASEAN,Singapore,SGP,1983,2681061
ASEAN,Singapore,SGP,1984,2732221
ASEAN,Singapore,SGP,1985,2735957
ASEAN,Singapore,SGP,1986,2733373
ASEAN,Singapore,SGP,1987,2774789
ASEAN,Singapore,SGP,1988,2846108
ASEAN,Singapore,SGP,1989,2930901
ASEAN,Singapore,SGP,1990,3047132
ASEAN,Singapore,SGP,1991,3135083
ASEAN,Singapore,SGP,1992,3230698
ASEAN,Singapore,SGP,1993,3313471
ASEAN,Singapore,SGP,1994,3419048
ASEAN,Singapore,SGP,1995,3524506
ASEAN,Singapore,SGP,1996,3670704
ASEAN,Singapore,SGP,1997,3796038
ASEAN,Singapore,SGP,1998,3927213
ASEAN,Singapore,SGP,1999,3958723
ASEAN,Singapore,SGP,2000,4027887
ASEAN,Singapore,SGP,2001,4138012
ASEAN,Singapore,SGP,2002,4175950
ASEAN,Singapore,SGP,2003,4114826
ASEAN,Singapore,SGP,2004,4166664
ASEAN,Singapore,SGP,2005,4265762
ASEAN,Singapore,SGP,2006,4401365
ASEAN,Singapore,SGP,2007,4588599
ASEAN,Singapore,SGP,2008,4839396
ASEAN,Singapore,SGP,2009,4987573
ASEAN,Singapore,SGP,2010,5076732
ASEAN,Singapore,SGP,2011,5183688
ASEAN,Singapore,SGP,2012,5312437
ASEAN,Singapore,SGP,2013,5399162
ASEAN,Singapore,SGP,2014,5469724
ASEAN,Singapore,SGP,2015,5535002
ASEAN,Singapore,SGP,2016,5607283
ASEAN,Singapore,SGP,2017,5612253
ASEAN,Singapore,SGP,2018,5638676
ASEAN,Singapore,SGP,2019,5703569
ASEAN,Singapore,SGP,2020,5685807
ASEAN,Singapore,SGP,2021,5453566
ASEAN,Singapore,SGP,2022,5637022
ASEAN,Singapore,SGP,2023,5917648
ASEAN,Singapore,SGP,2024,6036860
ASEAN,Thailand,THA,1960,26851747
ASEAN,Thailand,THA,1961,27650334
ASEAN,Thailand,THA,1962,28481040
ASEAN,Thailand,THA,1963,29342322
ASEAN,Thailand,THA,1964,30232141
ASEAN,Thailand,THA,1965,31149337
ASEAN,Thailand,THA,1966,32086071
ASEAN,Thailand,THA,1967,33037801
ASEAN,Thailand,THA,1968,34002560
ASEAN,Thailand,THA,1969,34973782
ASEAN,Thailand,THA,1970,35954408
ASEAN,Thailand,THA,1971,36937387
ASEAN,Thailand,THA,1972,37933929
ASEAN,Thailand,THA,1973,38947787
ASEAN,Thailand,THA,1974,39952891
ASEAN,Thailand,THA,1975,40940005
ASEAN,Thailand,THA,1976,41896504
ASEAN,Thailand,THA,1977,42843974
ASEAN,Thailand,THA,1978,43788976
ASEAN,Thailand,THA,1979,44718434
ASEAN,Thailand,THA,1980,45650022
ASEAN,Thailand,THA,1981,46575855
ASEAN,Thailand,THA,1982,47494577
ASEAN,Thailand,THA,1983,48423309
ASEAN,Thailand,THA,1984,49351708
ASEAN,Thailand,THA,1985,50270753
ASEAN,Thailand,THA,1986,51177834
ASEAN,Thailand,THA,1987,52074105
ASEAN,Thailand,THA,1988,52969595
ASEAN,Thailand,THA,1989,53848956
ASEAN,Thailand,THA,1990,54738329
ASEAN,Thailand,THA,1991,55637434
ASEAN,Thailand,THA,1992,56528834
ASEAN,Thailand,THA,1993,57408198
ASEAN,Thailand,THA,1994,58260854
ASEAN,Thailand,THA,1995,59098232
ASEAN,Thailand,THA,1996,59920064
ASEAN,Thailand,THA,1997,60724584
ASEAN,Thailand,THA,1998,61522630
ASEAN,Thailand,THA,1999,62299043
ASEAN,Thailand,THA,2000,63007815
ASEAN,Thailand,THA,2001,63651141
ASEAN,Thailand,THA,2002,64266437
ASEAN,Thailand,THA,2003,64868166
ASEAN,Thailand,THA,2004,65452047
ASEAN,Thailand,THA,2005,66017420
ASEAN,Thailand,THA,2006,66567687
ASEAN,Thailand,THA,2007,67102394
ASEAN,Thailand,THA,2008,67619830
ASEAN,Thailand,THA,2009,68121080
ASEAN,Thailand,THA,2010,68579447
ASEAN,Thailand,THA,2011,69007208
ASEAN,Thailand,THA,2012,69436098
ASEAN,Thailand,THA,2013,69845114
ASEAN,Thailand,THA,2014,70216367
ASEAN,Thailand,THA,2015,70540795
ASEAN,Thailand,THA,2016,70859841
ASEAN,Thailand,THA,2017,71160187
ASEAN,Thailand,THA,2018,71376079
ASEAN,Thailand,THA,2019,71522271
ASEAN,Thailand,THA,2020,71641484
ASEAN,Thailand,THA,2021,71727332
ASEAN,Thailand,THA,2022,71735329
ASEAN,Thailand,THA,2023,71702435
ASEAN,Thailand,THA,2024,71668011
ASEAN,Timor-Leste,TLS,1960,468118
ASEAN,Timor-Leste,TLS,1961,475291
ASEAN,Timor-Leste,TLS,1962,482774
ASEAN,Timor-Leste,TLS,1963,490564
ASEAN,Timor-Leste,TLS,1964,498659
ASEAN,Timor-Leste,TLS,1965,507034
ASEAN,Timor-Leste,TLS,1966,515696
ASEAN,Timor-Leste,TLS,1967,524648
ASEAN,Timor-Leste,TLS,1968,533875
ASEAN,Timor-Leste,TLS,1969,543356
ASEAN,Timor-Leste,TLS,1970,553069
ASEAN,Timor-Leste,TLS,1971,562966
ASEAN,Timor-Leste,TLS,1972,572962
ASEAN,Timor-Leste,TLS,1973,582855
ASEAN,Timor-Leste,TLS,1974,590827
ASEAN,Timor-Leste,TLS,1975,598158
ASEAN,Timor-Leste,TLS,1976,607620
ASEAN,Timor-Leste,TLS,1977,618315
ASEAN,Timor-Leste,TLS,1978,628775
ASEAN,Timor-Leste,TLS,1979,638719
ASEAN,Timor-Leste,TLS,1980,649871
ASEAN,Timor-Leste,TLS,1981,660493
ASEAN,Timor-Leste,TLS,1982,669149
ASEAN,Timor-Leste,TLS,1983,677707
ASEAN,Timor-Leste,TLS,1984,686777
ASEAN,Timor-Leste,TLS,1985,696665
ASEAN,Timor-Leste,TLS,1986,707185
ASEAN,Timor-Leste,TLS,1987,718476
ASEAN,Timor-Leste,TLS,1988,730745
ASEAN,Timor-Leste,TLS,1989,744856
ASEAN,Timor-Leste,TLS,1990,760345
ASEAN,Timor-Leste,TLS,1991,778278
ASEAN,Timor-Leste,TLS,1992,799318
ASEAN,Timor-Leste,TLS,1993,821437
ASEAN,Timor-Leste,TLS,1994,844493
ASEAN,Timor-Leste,TLS,1995,868146
ASEAN,Timor-Leste,TLS,1996,892282
ASEAN,Timor-Leste,TLS,1997,917184
ASEAN,Timor-Leste,TLS,1998,942530
ASEAN,Timor-Leste,TLS,1999,834697
ASEAN,Timor-Leste,TLS,2000,745088
ASEAN,Timor-Leste,TLS,2001,812249
ASEAN,Timor-Leste,TLS,2002,879159
ASEAN,Timor-Leste,TLS,2003,916878
ASEAN,Timor-Leste,TLS,2004,929074
ASEAN,Timor-Leste,TLS,2005,948311
ASEAN,Timor-Leste,TLS,2006,976597
ASEAN,Timor-Leste,TLS,2007,1004889
ASEAN,Timor-Leste,TLS,2008,1032429
ASEAN,Timor-Leste,TLS,2009,1058782
ASEAN,Timor-Leste,TLS,2010,1084679
ASEAN,Timor-Leste,TLS,2011,1110207
ASEAN,Timor-Leste,TLS,2012,1134885
ASEAN,Timor-Leste,TLS,2013,1158695
ASEAN,Timor-Leste,TLS,2014,1181903
ASEAN,Timor-Leste,TLS,2015,1205131
ASEAN,Timor-Leste,TLS,2016,1228312
ASEAN,Timor-Leste,TLS,2017,1251703
ASEAN,Timor-Leste,TLS,2018,1275959
ASEAN,Timor-Leste,TLS,2019,1300945
ASEAN,Timor-Leste,TLS,2020,1326053
ASEAN,Timor-Leste,TLS,2021,1350139
ASEAN,Timor-Leste,TLS,2022,1369295
ASEAN,Timor-Leste,TLS,2023,1384286
ASEAN,Timor-Leste,TLS,2024,1400638
ASEAN,Viet Nam,VNM,1960,32531933
ASEAN,Viet Nam,VNM,1961,33409059
ASEAN,Viet Nam,VNM,1962,34288560
ASEAN,Viet Nam,VNM,1963,35249101
ASEAN,Viet Nam,VNM,1964,36201563
ASEAN,Viet Nam,VNM,1965,37129656
ASEAN,Viet Nam,VNM,1966,38024836
ASEAN,Viet Nam,VNM,1967,38895080
ASEAN,Viet Nam,VNM,1968,39734609
ASEAN,Viet Nam,VNM,1969,40582096
ASEAN,Viet Nam,VNM,1970,41475230
ASEAN,Viet Nam,VNM,1971,42449276
ASEAN,Viet Nam,VNM,1972,43429168
ASEAN,Viet Nam,VNM,1973,44409861
ASEAN,Viet Nam,VNM,1974,45413537
ASEAN,Viet Nam,VNM,1975,46482903
ASEAN,Viet Nam,VNM,1976,47684931
ASEAN,Viet Nam,VNM,1977,48954872
ASEAN,Viet Nam,VNM,1978,50249552
ASEAN,Viet Nam,VNM,1979,51378211
ASEAN,Viet Nam,VNM,1980,52490101
ASEAN,Viet Nam,VNM,1981,53738141
ASEAN,Viet Nam,VNM,1982,55011289
ASEAN,Viet Nam,VNM,1983,56337921
ASEAN,Viet Nam,VNM,1984,57706067
ASEAN,Viet Nam,VNM,1985,59060622
ASEAN,Viet Nam,VNM,1986,60347048
ASEAN,Viet Nam,VNM,1987,61584651
ASEAN,Viet Nam,VNM,1988,62843228
ASEAN,Viet Nam,VNM,1989,64147348
ASEAN,Viet Nam,VNM,1990,65504552
ASEAN,Viet Nam,VNM,1991,66891775
ASEAN,Viet Nam,VNM,1992,68260337
ASEAN,Viet Nam,VNM,1993,69586384
ASEAN,Viet Nam,VNM,1994,70854391
ASEAN,Viet Nam,VNM,1995,72049940
ASEAN,Viet Nam,VNM,1996,73156447
ASEAN,Viet Nam,VNM,1997,74226889
ASEAN,Viet Nam,VNM,1998,75299660
ASEAN,Viet Nam,VNM,1999,76287452
ASEAN,Viet Nam,VNM,2000,77154011
ASEAN,Viet Nam,VNM,2001,77969361
ASEAN,Viet Nam,VNM,2002,78772224
ASEAN,Viet Nam,VNM,2003,79563777
ASEAN,Viet Nam,VNM,2004,80338971
ASEAN,Viet Nam,VNM,2005,81088313
ASEAN,Viet Nam,VNM,2006,82167897
ASEAN,Viet Nam,VNM,2007,83633375
ASEAN,Viet Nam,VNM,2008,85175788
ASEAN,Viet Nam,VNM,2009,86460018
ASEAN,Viet Nam,VNM,2010,87455152
ASEAN,Viet Nam,VNM,2011,88468314
ASEAN,Viet Nam,VNM,2012,89510356
ASEAN,Viet Nam,VNM,2013,90573104
ASEAN,Viet Nam,VNM,2014,91679578
ASEAN,Viet Nam,VNM,2015,92823254
ASEAN,Viet Nam,VNM,2016,94000117
ASEAN,Viet Nam,VNM,2017,95176977
ASEAN,Viet Nam,VNM,2018,96237319
ASEAN,Viet Nam,VNM,2019,97173776
ASEAN,Viet Nam,VNM,2020,98079191
ASEAN,Viet Nam,VNM,2021,98935098
ASEAN,Viet Nam,VNM,2022,99680655
ASEAN,Viet Nam,VNM,2023,100352192
ASEAN,Viet Nam,VNM,2024,100987686
